[
 {
   "Category": "2009-12,1",
   "All categories": ""
 },
 {
   "Category": "2010-01,1",
   "All categories": ""
 },
 {
   "Category": "2010-02,1",
   "All categories": ""
 },
 {
   "Category": "2010-03,1",
   "All categories": ""
 },
 {
   "Category": "2010-04,1",
   "All categories": ""
 },
 {
   "Category": "2010-05,0",
   "All categories": ""
 },
 {
   "Category": "2010-06,0",
   "All categories": ""
 },
 {
   "Category": "2010-07,1",
   "All categories": ""
 },
 {
   "Category": "2010-08,1",
   "All categories": ""
 },
 {
   "Category": "2010-09,0",
   "All categories": ""
 },
 {
   "Category": "2010-10,0",
   "All categories": ""
 },
 {
   "Category": "2010-11,1",
   "All categories": ""
 },
 {
   "Category": "2010-12,2",
   "All categories": ""
 },
 {
   "Category": "2011-01,2",
   "All categories": ""
 },
 {
   "Category": "2011-02,2",
   "All categories": ""
 },
 {
   "Category": "2011-03,3",
   "All categories": ""
 },
 {
   "Category": "2011-04,2",
   "All categories": ""
 },
 {
   "Category": "2011-05,2",
   "All categories": ""
 },
 {
   "Category": "2011-06,2",
   "All categories": ""
 },
 {
   "Category": "2011-07,2",
   "All categories": ""
 },
 {
   "Category": "2011-08,3",
   "All categories": ""
 },
 {
   "Category": "2011-09,2",
   "All categories": ""
 },
 {
   "Category": "2011-10,2",
   "All categories": ""
 },
 {
   "Category": "2011-11,2",
   "All categories": ""
 },
 {
   "Category": "2011-12,1",
   "All categories": ""
 },
 {
   "Category": "2012-01,4",
   "All categories": ""
 },
 {
   "Category": "2012-02,3",
   "All categories": ""
 },
 {
   "Category": "2012-03,4",
   "All categories": ""
 },
 {
   "Category": "2012-04,2",
   "All categories": ""
 },
 {
   "Category": "2012-05,5",
   "All categories": ""
 },
 {
   "Category": "2012-06,7",
   "All categories": ""
 },
 {
   "Category": "2012-07,6",
   "All categories": ""
 },
 {
   "Category": "2012-08,6",
   "All categories": ""
 },
 {
   "Category": "2012-09,5",
   "All categories": ""
 },
 {
   "Category": "2012-10,5",
   "All categories": ""
 },
 {
   "Category": "2012-11,5",
   "All categories": ""
 },
 {
   "Category": "2012-12,3",
   "All categories": ""
 },
 {
   "Category": "2013-01,6",
   "All categories": ""
 },
 {
   "Category": "2013-02,8",
   "All categories": ""
 },
 {
   "Category": "2013-03,8",
   "All categories": ""
 },
 {
   "Category": "2013-04,8",
   "All categories": ""
 },
 {
   "Category": "2013-05,11",
   "All categories": ""
 },
 {
   "Category": "2013-06,11",
   "All categories": ""
 },
 {
   "Category": "2013-07,15",
   "All categories": ""
 },
 {
   "Category": "2013-08,14",
   "All categories": ""
 },
 {
   "Category": "2013-09,11",
   "All categories": ""
 },
 {
   "Category": "2013-10,10",
   "All categories": ""
 },
 {
   "Category": "2013-11,10",
   "All categories": ""
 },
 {
   "Category": "2013-12,10",
   "All categories": ""
 },
 {
   "Category": "2014-01,15",
   "All categories": ""
 },
 {
   "Category": "2014-02,15",
   "All categories": ""
 },
 {
   "Category": "2014-03,14",
   "All categories": ""
 },
 {
   "Category": "2014-04,23",
   "All categories": ""
 },
 {
   "Category": "2014-05,23",
   "All categories": ""
 },
 {
   "Category": "2014-06,25",
   "All categories": ""
 },
 {
   "Category": "2014-07,32",
   "All categories": ""
 },
 {
   "Category": "2014-08,32",
   "All categories": ""
 },
 {
   "Category": "2014-09,23",
   "All categories": ""
 },
 {
   "Category": "2014-10,25",
   "All categories": ""
 },
 {
   "Category": "2014-11,18",
   "All categories": ""
 },
 {
   "Category": "2014-12,21",
   "All categories": ""
 },
 {
   "Category": "2015-01,27",
   "All categories": ""
 },
 {
   "Category": "2015-02,29",
   "All categories": ""
 },
 {
   "Category": "2015-03,31",
   "All categories": ""
 },
 {
   "Category": "2015-04,35",
   "All categories": ""
 },
 {
   "Category": "2015-05,41",
   "All categories": ""
 },
 {
   "Category": "2015-06,50",
   "All categories": ""
 },
 {
   "Category": "2015-07,58",
   "All categories": ""
 },
 {
   "Category": "2015-08,53",
   "All categories": ""
 },
 {
   "Category": "2015-09,38",
   "All categories": ""
 },
 {
   "Category": "2015-10,29",
   "All categories": ""
 },
 {
   "Category": "2015-11,33",
   "All categories": ""
 },
 {
   "Category": "2015-12,32",
   "All categories": ""
 },
 {
   "Category": "2016-01,38",
   "All categories": ""
 },
 {
   "Category": "2016-02,44",
   "All categories": ""
 },
 {
   "Category": "2016-03,52",
   "All categories": ""
 },
 {
   "Category": "2016-04,54",
   "All categories": ""
 },
 {
   "Category": "2016-05,66",
   "All categories": ""
 },
 {
   "Category": "2016-06,68",
   "All categories": ""
 },
 {
   "Category": "2016-07,78",
   "All categories": ""
 },
 {
   "Category": "2016-08,65",
   "All categories": ""
 },
 {
   "Category": "2016-09,62",
   "All categories": ""
 },
 {
   "Category": "2016-10,54",
   "All categories": ""
 },
 {
   "Category": "2016-11,44",
   "All categories": ""
 },
 {
   "Category": "2016-12,41",
   "All categories": ""
 },
 {
   "Category": "2017-01,62",
   "All categories": ""
 },
 {
   "Category": "2017-02,57",
   "All categories": ""
 },
 {
   "Category": "2017-03,65",
   "All categories": ""
 },
 {
   "Category": "2017-04,74",
   "All categories": ""
 },
 {
   "Category": "2017-05,83",
   "All categories": ""
 },
 {
   "Category": "2017-06,95",
   "All categories": ""
 },
 {
   "Category": "2017-07,100",
   "All categories": ""
 },
 {
   "Category": "2017-08,90",
   "All categories": ""
 },
 {
   "Category": "2017-09,65",
   "All categories": ""
 },
 {
   "Category": "2017-10,60",
   "All categories": ""
 },
 {
   "Category": "2017-11,60",
   "All categories": ""
 },
 {
   "Category": "2017-12,52",
   "All categories": ""
 },
 {
   "Category": "2018-01,77",
   "All categories": ""
 },
 {
   "Category": "2018-02,79",
   "All categories": ""
 },
 {
   "Category": "2018-03,76",
   "All categories": ""
 },
 {
   "Category": "2018-04,94",
   "All categories": ""
 },
 {
   "Category": "2018-05,90",
   "All categories": ""
 },
 {
   "Category": "2018-06,91",
   "All categories": ""
 },
 {
   "Category": "2018-07,92",
   "All categories": ""
 },
 {
   "Category": "2018-08,91",
   "All categories": ""
 },
 {
   "Category": "2018-09,67",
   "All categories": ""
 },
 {
   "Category": "2018-10,55",
   "All categories": ""
 },
 {
   "Category": "2018-11,47",
   "All categories": ""
 },
 {
   "Category": "2018-12,51",
   "All categories": ""
 },
 {
   "Category": "2019-01,69",
   "All categories": ""
 },
 {
   "Category": "2019-02,69",
   "All categories": ""
 },
 {
   "Category": "2019-03,71",
   "All categories": ""
 },
 {
   "Category": "2019-04,83",
   "All categories": ""
 },
 {
   "Category": "2019-05,83",
   "All categories": ""
 },
 {
   "Category": "2019-06,98",
   "All categories": ""
 },
 {
   "Category": "2019-07,99",
   "All categories": ""
 },
 {
   "Category": "2019-08,89",
   "All categories": ""
 },
 {
   "Category": "2019-09,69",
   "All categories": ""
 },
 {
   "Category": "2019-10,59",
   "All categories": ""
 },
 {
   "Category": "2019-11,61",
   "All categories": ""
 },
 {
   "Category": "2019-12,53",
   "All categories": ""
 },
 {
   "Category": "2020-01,59",
   "All categories": ""
 }
]